0.0,0.0,0.0,0.0,0.0,0.0,0.0,0.0,0.0,0.0,0.0,0.0,0.0,0.0,0.0,0.0,0.0,0.0,0.0,0.0,0.0,0.0,0.0,0.0,0.0,0.0,0.0,0.0,0.0,0.0,0.0,0.0,0.0,0.0,0.0,0.0
0.0,0.0,0.0,0.0,0.0,0.0,0.0,0.0,0.0,0.0,0.0,0.0,0.0,0.0,0.0,0.0,0.0,0.0,0.0,0.0,0.0,0.0,0.0,0.0,0.0,0.0,0.0,0.0,0.0,0.0,0.0,0.0,0.0,0.0,0.0,0.0
0.0,0.0,0.0,0.0,0.0,0.0,0.0,0.0,0.0,0.0,0.0,0.0,0.0,0.0,0.0,0.0,0.0,0.0,0.0,0.0,0.0,0.0,0.0,0.0,0.0,0.0,0.0,0.0,0.0,0.0,0.0,0.0,0.0,0.0,0.0,0.0
0.0,0.0,0.0,0.0,0.0,0.0,0.0,0.0,0.0,0.0,0.0,0.0,0.0,0.0,0.0,0.0,0.0,0.0,0.0,0.0,0.0,0.0,0.0,0.0,0.0,0.0,0.0,0.0,0.0,0.0,0.0,0.0,0.0,0.0,0.0,0.0
0.0,0.0,0.0,0.0,0.0,0.0,0.0,0.0,0.0,0.0,0.0,0.0,0.0,0.0,0.0,0.0,0.0,0.0,0.0,0.0,0.0,0.0,0.0,0.0,0.0,0.0,0.0,0.0,0.0,0.0,0.0,0.0,0.0,0.0,0.0,0.0
0.0,0.0,0.0,0.0,0.0,0.0,0.0,0.0,0.0,0.0,0.0,0.0,0.0,0.0,0.0,0.0,0.0,0.0,0.0,0.0,0.0,0.0,0.0,0.0,0.0,0.0,0.0,0.0,0.0,0.0,0.0,0.0,0.0,0.0,0.0,0.0
0.0,0.0,0.0,0.0,0.0,0.0,0.0,0.0,0.0,0.0,0.0,0.0,0.0,0.0,0.0,0.0,0.0,0.0,0.0,0.0,0.0,0.0,0.0,0.0,0.0,0.0,0.0,0.0,0.0,0.0,0.0,0.0,0.0,0.0,0.0,0.0
0.0,0.0,0.0,0.0,0.0,0.0,0.0,0.0,0.0,0.0,0.0,0.0,0.0,0.0,0.0,0.0,0.0,0.0,0.0,0.0,0.0,0.0,0.0,0.0,0.0,0.0,0.0,0.0,0.0,0.0,0.0,0.0,0.0,0.0,0.0,0.0
0.0,0.0,0.0,0.0,0.0,0.0,0.0,0.0,0.0,0.0,0.0,0.0,0.0,0.0,0.0,0.0,0.0,0.0,0.0,0.0,0.0,0.0,0.0,0.0,0.0,0.0,0.0,0.0,0.0,0.0,0.0,0.0,0.0,0.0,0.0,0.0
0.0,0.0,0.0,0.0,0.0,0.0,0.0,0.0,0.0,0.0,0.0,0.0,0.0,0.0,0.0,0.0,0.0,0.0,0.0,0.0,0.0,0.0,0.0,0.0,0.0,0.0,0.0,0.0,0.0,0.0,0.0,0.0,0.0,0.0,0.0,0.0
0.0,0.0,0.0,0.0,0.0,0.0,0.0,0.0,0.0,0.0,0.0,0.0,0.0,0.0,0.0,0.0,0.0,0.0,0.0,0.0,0.0,0.0,0.0,0.0,0.0,0.0,0.0,0.0,0.0,0.0,0.0,0.0,0.0,0.0,0.0,0.0
0.0,0.0,0.0,0.0,0.0,0.0,0.0,0.0,0.0,0.0,0.0,0.0,0.0,0.0,0.0,0.0,0.0,0.0,0.0,0.0,0.0,0.0,0.0,0.0,0.0,0.0,0.0,0.0,0.0,0.0,0.0,0.0,0.0,0.0,0.0,0.0
0.0,0.0,0.0,0.0,0.0,0.0,0.0,0.0,0.0,0.0,0.0,0.0,0.0,0.0,0.0,0.0,0.0,0.0,0.0,0.0,0.0,0.0,0.0,0.0,0.0,0.0,0.0,0.0,0.0,0.0,0.0,0.0,0.0,0.0,0.0,0.0
0.0,0.0,0.0,0.0,0.0,0.0,0.0,0.0,0.0,0.0,0.0,0.0,0.0,0.0,0.0,0.0,0.0,0.0,0.0,0.0,0.0,0.0,0.0,0.0,0.0,0.0,0.0,0.0,0.0,0.0,0.0,0.0,0.0,0.0,0.0,0.0
0.0,0.0,0.0,0.0,0.0,0.0,0.0,0.0,0.0,0.0,0.0,0.0,0.0,0.0,0.0,0.0,0.0,0.0,0.0,0.0,0.0,0.0,0.0,0.0,0.0,0.0,0.0,0.0,0.0,0.0,0.0,0.0,0.0,0.0,0.0,0.0
0.0,0.0,0.0,0.0,0.0,0.0,0.0,0.0,0.0,0.0,0.0,0.0,0.0,0.0,0.0,0.0,0.0,0.0,0.0,0.0,0.0,0.0,0.0,0.0,0.0,0.0,0.0,0.0,0.0,0.0,0.0,0.0,0.0,0.0,0.0,0.0
0.0,0.0,0.0,0.0,0.0,0.0,0.0,0.0,0.0,0.0,0.0,0.0,0.0,0.0,0.0,0.0,0.0,0.0,0.0,0.0,0.0,0.0,0.0,0.0,0.0,0.0,0.0,0.0,0.0,0.0,0.0,0.0,0.0,0.0,0.0,0.0
0.0,0.0,0.0,0.0,0.0,0.0,0.0,0.0,0.0,0.0,0.0,0.0,0.0,0.0,0.0,0.0,0.0,0.0,0.0,0.0,0.0,0.0,0.0,0.0,0.0,0.0,0.0,0.0,0.0,0.0,0.0,0.0,0.0,0.0,0.0,0.0
0.0,0.0,0.0,0.0,0.0,0.0,0.0,0.0,0.0,0.0,0.0,0.0,0.0,0.0,0.0,0.0,0.0,0.0,0.0,0.0,0.0,0.0,0.0,0.0,0.0,0.0,0.0,0.0,0.0,0.0,0.0,0.0,0.0,0.0,0.0,0.0
0.0,0.0,0.0,0.0,0.0,0.0,0.0,0.0,0.0,0.0,0.0,0.0,0.0,0.0,0.0,0.0,0.0,0.0,0.0,0.0,0.0,0.0,0.0,0.0,0.0,0.0,0.0,0.0,0.0,0.0,0.0,0.0,0.0,0.0,0.0,0.0
0.0,0.0,0.0,0.0,0.0,0.0,0.0,0.0,0.0,0.0,0.0,0.0,0.0,0.0,0.0,0.0,0.0,0.0,0.0,0.0,0.0,0.0,0.0,0.0,0.0,0.0,0.0,0.0,0.0,0.0,0.0,0.0,0.0,0.0,0.0,0.0
0.0,0.0,0.0,0.0,0.0,0.0,0.0,0.0,0.0,0.0,0.0,0.0,0.0,0.0,0.0,0.0,0.0,0.0,0.0,0.0,0.0,0.0,0.0,0.0,0.0,0.0,0.0,0.0,0.0,0.0,0.0,0.0,0.0,0.0,0.0,0.0
0.8571546316135471,0.8948041126588254,0.7732835294529237,0.3865305900978317,0.5100688511910614,0.5832601995159704,0.5518864714815274,0.6432704049505844,0.6586316819951696,0.4646549858955303,0.5417599365369831,0.5987871707807116,0.3047734512068589,0.3369039531451332,0.4754442052728865,0.38190915381852675,0.43609250230282465,0.5611702265439724,0.5796582158822653,0.5845169561812601,0.645963756858879,0.37522311439836836,0.40945370462069014,0.5520455889819036,0.678427037763224,0.6830130961327204,0.7449217729109479,1.0,1.0,1.0,0.6554311874789147,0.7131847395988277,0.848232725560536,0.4992820608140274,0.5511290186220268,0.6735716970636526
0.6756626118386428,1.0,1.0,1.0,0.858643825201367,0.794920655268383,0.6510394712104958,0.6876836566269933,0.48025214944516126,0.28898595762099244,0.5383923780227526,0.4562018257799613,0.6081322199113874,0.5095909204939134,0.6511680020566563,0.5925816883533137,0.3960730526585113,0.5796718663341709,0.2934563406406681,0.35759499446407306,0.6351215116098471,0.24280188074371828,0.3955543841587985,0.6048063968298552,0.48050693444293574,0.5640816092952934,0.5859084370754831,0.7886003932886759,0.7671400675050547,0.8300653154273858,0.7921880151408952,0.7882332792174377,0.6074470863234022,0.4120199679839416,0.7977977340403809,0.5749933794374043
0.6706505731163032,0.934820838958363,0.9192939484851361,1.0,1.0,0.9913820136133304,0.6848082523779013,0.9468410196371901,1.0,0.6035959837673689,0.7944155400931346,0.7348980193278093,0.5878735917899226,0.8445201779571186,0.934659151389169,0.7317942198734544,0.7448645020757362,0.7052442652465132,0.49470756756073975,0.6813786511426706,0.5854569633062178,0.5637309375629944,0.7303977293891852,0.5717576444733105,0.8853616757796172,0.8613278946623977,0.8001837807625797,0.6405574953941057,0.8188820621335928,0.7639169212101363,0.5187535638455238,0.6906407576038595,0.5455875995518237,0.7232206829847458,0.8528012747521768,0.9879970417182892
0.0,0.0,0.0,0.0,0.0,0.0,0.0,0.0,0.0,0.0,0.0,0.0,0.0,0.0,0.0,0.0,0.0,0.0,0.0,0.0,0.0,0.0,0.0,0.0,0.0,0.0,0.0,0.0,0.0,0.0,0.0,0.0,0.0,0.0,0.0,0.0
0.0,0.0,0.0,0.0,0.0,0.0,0.0,0.0,0.0,0.0,0.0,0.0,0.0,0.0,0.0,0.0,0.0,0.0,0.0,0.0,0.0,0.0,0.0,0.0,0.0,0.0,0.0,0.0,0.0,0.0,0.0,0.0,0.0,0.0,0.0,0.0
0.0,0.0,0.0,0.0,0.0,0.0,0.0,0.0,0.0,0.0,0.0,0.0,0.0,0.0,0.0,0.0,0.0,0.0,0.0,0.0,0.0,0.0,0.0,0.0,0.0,0.0,0.0,0.0,0.0,0.0,0.0,0.0,0.0,0.0,0.0,0.0
0.5057176004782487,0.5544399068256748,0.592445324053853,0.4491928991759214,0.4917127494947175,0.6180375722792186,0.3836114436889022,0.4417515793900173,0.6921987710016474,0.26177030635338355,0.3040794842365472,0.7262564611959886,0.6388820283029979,0.7009638386688961,0.921031544537921,1.0,1.0,1.0,0.4575881190486458,0.5579600361046839,0.699086975309496,0.3682205112540858,0.3811020486331734,0.3897722459563679,0.34351981143930166,0.36345573348952626,0.5707196209557893,0.5511710900665867,0.5747892709355914,0.8404630003371866,0.3027798988825046,0.3214001453908926,0.772027729187475,0.13597930720179027,0.1728726864371263,0.7048627676771179
0.5847701035755224,1.0,1.0,0.5480194700976002,0.73040018250245,0.5509649099982569,0.445181787775661,0.6030239699945112,0.3853219010772722,1.0,0.57147940403005,0.2460561469658727,0.539641864765537,0.724034325556394,0.5296310617690986,0.6093054010424374,0.7998432666319247,0.6307975649325597,0.5329007952698754,0.7015738091961196,0.43260755160022174,0.6678230988610007,0.7010288340299753,0.42530603816851614,0.4107642863543996,0.8649937218465473,0.7102512906593058,0.4666131507050435,0.7722672063627548,0.7172791211606335,0.3612639561449637,0.5930660738384622,0.5189938587234462,0.4292857399665043,0.966667329926231,0.6135966722322224
1.0,1.0,1.0,0.3517404261406516,0.49690502249937457,0.7329110685095815,0.3723780264978342,0.5709360062510838,0.6935414816822099,0.5541275781314375,0.619047641051517,0.6321273598844143,0.49651029772525035,0.6896456744173962,0.6834256495227466,0.6419214424419203,0.6973124824502863,0.680802752739956,0.13050400547631932,0.3832197351579795,0.5300671962272984,0.4550763749159605,0.4860627048257261,0.5706111216523463,0.7813585647815195,0.8049130964482591,0.8153647164845184,0.3640933026249785,0.5740002650103011,0.7531224401663573,0.7798705953855491,0.7923366239453561,0.7353327206033216,0.6281621171330682,0.7850456525368992,0.8283505879204726
1.0,0.6656466863463827,0.4811525759014556,0.15725636883469893,0.5102937836223903,0.4140714962797233,0.673142026041794,0.6655552884368023,0.5881376149962059,0.5377382540576257,0.7278389386006874,0.76641625038596,0.6563778017476821,0.9077351938048135,1.0,0.5723221223086391,1.0,0.8186727742093739,0.4909425273499701,0.9199433045114823,0.7758782606894453,0.4286797357520487,0.8219997295760787,0.8102158682380386,0.5768427743332181,0.8315774380178613,0.6333009960574137,0.19641746478118857,0.7188898547707623,0.7387722889803304,0.9182233939606528,0.7910311486575043,0.7286664197751412,0.317113178196463,0.6262012840768745,0.6193377557841357
0.6870158983327442,1.0,0.9436931342540597,1.0,0.9535487900779157,0.9763441806929536,0.8875055691119906,0.9293755326061492,1.0,0.5002896488407496,0.8040497198618107,0.9348325750596594,0.8165059706599849,0.777157878354224,0.9128672987345604,0.5889685739712665,0.6943809941418354,0.751518577114877,0.7117368098676864,0.7213458590705587,0.583690314067922,0.5482897198409685,0.42190386143996594,0.32642778581693793,0.7010114540909064,0.468560366146324,0.3388385194798994,0.8113706550244363,0.5764535514545285,0.3896816184572859,0.5536435790009193,0.3927927638388384,0.3178038380696566,0.9151697238668399,0.6789950319417752,0.5279637816495537
0.35041353958704097,0.47503581602029965,0.43041995122643695,1.0,1.0,0.9413555200786963,0.7994776190250511,0.9693029428499895,1.0,0.34067439876985717,0.5670088607737934,0.6995029451324198,0.42793751360852333,0.4775920433331116,0.347524245218727,0.5332586081485636,0.34739660092961555,0.20443736494697326,0.2861338279658251,0.3469066671694248,0.23164598352569457,0.41174014458477237,0.3853048152072161,0.17471957570186072,0.23541594595656412,0.49631913742561456,0.5055462852650602,0.2665223621291568,0.44394439601631186,0.7207696365455672,0.1338699483599088,0.30029422829769997,0.4572230515423929,0.19550918023042116,0.2981282926624795,0.24057040842794306
0.5538230096048006,0.4564468479270698,0.3268048096987048,0.7694731662466462,0.5356262299623058,0.366719798416492,0.6015771573896334,0.6843930413978971,0.5912100748610224,0.8532515555269291,1.0,1.0,0.6975136345329264,0.6759571418197559,0.8809422531083307,0.3096315994547425,0.217091089287929,0.44145720845646536,0.2263083868394963,0.2252864731372631,0.24478782304126778,0.14115725305591728,0.15626077200633162,0.1768137902195256,0.4352953298500528,0.32988437073052407,0.20072784765431356,1.0,0.8322888285611993,0.5057271288697872,0.8357690550508883,0.7547838137882652,0.7286332820282595,0.40922640720789344,0.31888276293628004,0.5059353913749239
0.7964407594162529,0.5861214281033215,0.4614506511688711,0.481890929470926,0.38207758603844094,0.3968677730742699,0.46218875152428474,0.2945697985887299,0.1982215607047007,0.5735806778519293,0.31334600764973564,0.23866005173794122,0.5562338633498105,0.5385504747809984,0.49083099285886905,0.9778061557714951,1.0,1.0,1.0,0.7767779422417067,0.8745394798055784,0.3625210104111398,0.19373899605442846,0.33344959230049476,0.30963061639648815,0.2080746961780542,0.2271499576323819,0.3692923407740065,0.27201257592855704,0.2147202683505244,0.47445388538382954,0.3290133557196537,0.2640424095915997,0.7843372340248971,0.43386476038749433,0.2635509975685365
0.5092253022679853,0.6605255460031464,0.521499111147707,0.7041885067044036,0.673543858085488,0.5127158446402367,0.564177261516108,0.5224823430827049,0.4398496515778732,0.4649588499477008,0.41097773434545654,0.2957559396245778,0.8047483928742696,0.7145963326729428,0.5916355615158161,0.718366140206877,1.0,1.0,0.7517666876004229,0.9749757641649585,0.993018768879202,1.0,0.7946320582799363,0.6669190611579102,0.6977916552709601,0.400969917269,0.39629210986517344,0.5063129034946764,0.3785851067270856,0.23350799469409175,0.37670358411906724,0.2801938028134452,0.21450747463583245,0.3651570817609374,0.32368403980837496,0.24298281791976734
0.4637130378827331,0.450900044269361,0.46797866333768035,0.3821129815708818,0.40624613947183685,0.30489664378478226,0.3157397469180223,0.42125492251515884,0.3600710277825334,0.46541008517597676,0.43644153335779073,0.21643108657694377,0.8406013072736155,0.7859184995607137,0.6656736022726448,1.0,1.0,1.0,0.3299695516510764,0.7263922452133158,0.9160493554063878,0.42817961935874005,0.5460887040145349,0.5616355374701707,0.5243307974730569,0.389140601032371,0.28979180169873153,0.4144006139696632,0.4268479163256865,0.30731730842651483,0.35150467764492627,0.29333953350616687,0.19982721402418555,0.36128992599777593,0.2729214575684715,0.2032666197967569
0.4037216300790953,0.525399145871246,0.2618547282718438,0.3650292414254686,0.3307253441582096,0.09788896353884535,0.4624649764706651,0.4062655002506784,0.1979803991242231,0.8743718147214382,0.9523989897427029,0.6783098304545156,0.5852412273287427,0.9617993838736212,1.0,1.0,1.0,0.8264046022513233,0.8579271259793307,0.8138095378937302,0.29382591604491654,0.48248055189542893,0.49455613086410527,0.24935103456414476,0.3699870198899562,0.39420522626529975,0.17764187842728968,0.3160236588451302,0.31998036357629706,0.18637677848616246,0.19509126725682766,0.16937638471305105,0.08365329183725015,0.28413389365966724,0.32695620720267665,0.14806025980297996
0.32023813926625266,0.28573017213202134,0.22341995891089653,0.4693109543932414,0.39952305795705406,0.2701248544527034,0.7257385005280368,0.7183111733600656,0.6771982053202048,0.32495855603088997,0.7356483644975776,1.0,1.0,1.0,0.7640467171842118,0.7823360046710234,0.5992495082148164,0.24549878665134847,0.43732853621274004,0.3953098329931629,0.3036299577698464,0.2748189482666974,0.21474334887616048,0.16850200915134672,0.19030713234754576,0.1594439336566702,0.13526000195798887,0.20186201093122386,0.2083347248757216,0.1959800044655965,0.24186083551295967,0.25108540741525465,0.2667620337303954,0.20617102560133427,0.18321972843015244,0.14231348623658474
0.5621602453592233,0.47201638533978346,0.436701872941923,0.4707751282646314,0.29946402305551023,0.1460805343392218,0.905928345851854,0.7877024230417824,0.6178890173791624,0.670949199172409,0.789932437550298,0.8248431598048511,0.7981822828480257,1.0,1.0,1.0,0.8850500016213533,0.8014822563662027,0.35402348202260187,0.1973232417876522,0.2745177947127656,0.1669632013767516,0.17332365235541822,0.22412823395214124,0.3271638794402671,0.25717434738967776,0.197052192289934,0.316946616087709,0.33301056902715764,0.2462454866092154,0.20092961520595945,0.19937089431412858,0.17716965819380112,0.28140684858918513,0.29281318612803414,0.2976278021769369
0.2006220081284861,0.3199818763651017,0.27940772298906785,0.27904208466531855,0.2255420960314224,0.21800782518297435,0.41258838902067174,0.3377566862488316,0.18943855079625643,0.7497708615866402,0.5129794589403964,0.2443011185677498,1.0,1.0,0.6515858170233084,0.4314296545665943,0.9090227712247884,1.0,0.47978271116347665,0.6317903542401605,0.7140575819551802,0.30471677214112997,0.2659093938628273,0.30902414244656146,0.13680536266876225,0.17872208544964244,0.1545448752477289,0.1234336756272683,0.13211821667226084,0.13221272166904408,0.2423349439979717,0.19506303567845135,0.14639687425530898,0.2487366762278354,0.33953243877708456,0.17233713991325897
0.267776406268061,0.4270438979640738,0.46442476885679507,0.38400165501318895,0.3664134720134716,0.4214151430774372,0.43896644835709064,0.24667527034114714,0.22230825140071536,0.43838901262943275,0.2567513163549575,0.23586477836993672,0.5160378455433382,0.5015118529902161,0.525464026132711,0.9931745596078341,1.0,1.0,1.0,0.7568913220554443,0.6891559169446624,0.5781043646483774,0.27874909805146,0.18903669157471586,0.3781414314653739,0.19193586282907155,0.1555662391643038,0.2782812052159868,0.17092057745323774,0.16245972030895867,0.30285428013562427,0.12414932946727252,0.14432832600790702,0.36283390239631375,0.19608216534005576,0.1435736844628467
0.728076912663021,0.5611305556362113,0.4977741027552479,0.8548247991642054,0.7048668607313313,0.6078319573365493,0.538189066286152,0.38848905821783125,0.3387531352317,0.3205968478786578,0.22226988422849486,0.17078084614037853,0.6696409582755077,0.4209330867222826,0.3003091712652897,1.0,1.0,0.8388678472857354,0.6226023034718653,0.8357214711529443,1.0,0.4351527819473535,0.3934351504593265,0.4690898272834789,0.3851113115798985,0.24570537008953397,0.15800280040575002,0.2979647771404442,0.1960975643272132,0.18797754527399163,0.27309849923158314,0.16005821775769205,0.12148142275714639,0.29627365133800826,0.12933280739940817,0.12302112811180525
0.35701764294149346,0.8981826808292371,0.7349676950503046,0.7341852313546223,0.5751164321367213,0.4218644881581555,0.5087629919836791,0.326293785398457,0.2686141432268311,0.7282160763999573,0.4283099578648679,0.34867082322881693,0.88932258013874,0.7835558562838643,0.8593960150162878,0.4310779802184689,1.0,1.0,1.0,0.7787639159908418,0.5223388397588635,0.6868327059100883,0.3399813522588022,0.22072197375150487,0.4750728029976316,0.33240506950960846,0.24375078268854308,0.4414841421601717,0.2661556726568996,0.1663895217039265,0.5394929358843996,0.174905793004947,0.17351276765767815,0.6839503917438948,0.5941235766343118,0.591988742364294
0.49972122425952603,0.7598713418418782,0.7652248067620724,0.28538625761710606,0.387682740041469,0.4892236783228509,0.5837567149158778,0.558419471532039,0.867422069795686,0.6281652375821307,0.6318174042565049,0.9691288447962989,0.6846550013606496,0.7641639779058484,0.893391295059771,1.0,1.0,1.0,0.7959439833978202,0.9020323151318947,0.8326483988329985,0.5041941599647988,0.6991026183524126,0.6478977407491749,0.3998353940463716,0.36950533423656345,0.4764370086311851,0.39308805306013905,0.33069686241101187,0.4924561786116877,0.422556396216574,0.30932759950199723,0.582379937263273,0.6518436195021613,0.7236047112835766,0.7346791869043081
0.8932567324938946,0.9059866301290258,0.8141836901049816,0.8973163911536489,0.9523562732609688,0.8461775090759074,1.0,1.0,1.0,0.7876148317390216,0.8685274442298794,0.7483492659983583,0.8340514324882106,0.8230539298325336,0.6219187769944285,0.661854566230039,0.7922000851047643,0.9263191421581335,0.3944035238861791,0.5086238305930171,0.6924841059701864,0.4130618160191331,0.4102872612931011,0.46340310616047314,0.3688968148134961,0.32147915424528667,0.21673110508807375,0.376089736863113,0.30696734190091673,0.24009690169815995,0.32239218532622604,0.35913618564181826,0.2008128610723094,0.31820451451430304,0.4165167377480171,0.42801123093446186
0.290073322764135,0.36703903044591085,0.354452164184804,0.18756422607310705,0.33580599759203794,0.3175407349736896,0.3006641584139872,0.3859622031468065,0.4517239737856577,0.8069995819673758,0.9957273380027493,0.8675975806981406,1.0,0.9590649668439153,0.91915056192407,0.5867500765879065,0.7885991085336915,1.0,0.5334975971085749,1.0,0.9775075614903367,0.605356176792728,0.7013274986921187,0.4703822506968525,0.35934496814615685,0.38026736147158186,0.2549049673799691,0.3129341993729233,0.4052334815589843,0.357544462435984,0.2604583598268395,0.3323763330054272,0.31915454438594654,0.21452055299590633,0.3127327182823197,0.40761256219951486
0.548883995619203,0.5100930042651067,0.474333329509361,0.6022930575622305,0.5196740550284555,0.3945484354624379,0.6745508882990868,0.6575601972096801,0.5678262350936782,0.5366805069361286,0.48083248343351476,0.5202790648382176,0.5295288621151567,0.6028215792525189,0.6722316715390343,0.7612162073458074,1.0,0.7820557999307123,0.7019932826263959,0.7342195209038389,0.6981449786920937,0.7563591036016476,0.42866847845197964,0.39275342306767513,0.8276365790293845,0.44403236270918445,0.39129446069783946,1.0,0.6919245365991515,0.5923387336030762,0.7049030224685189,0.6134740612943328,1.0,0.6473970840815884,0.5605366371085148,0.845205624106965
0.38952069689437346,0.417396751452617,0.4211230634944938,0.48766613717191704,0.5376248373478019,0.5766788227468105,0.5714214597697252,0.5648487211440225,0.7124599488947557,0.40912191848670193,0.43160849333395596,0.7463193033115918,0.7708300469379998,0.6621987484591646,0.593500032245546,0.5767155559494487,0.7112949790705746,0.795495977935423,0.47165595800747945,0.6946595825297224,0.7738812733577859,0.3754875075564292,0.502706751334914,0.6366834090880089,0.6573330336000085,0.6299865937624058,0.7423990829827711,1.0,1.0,1.0,0.8628952783312132,0.9885221923758287,0.6522726577858357,0.5909604600094612,0.6432233480914107,0.6612420037570251
0.32388756928276674,0.3705100240580208,0.3093350386138206,0.2556084435912102,0.24382699104153693,0.23921143227458982,0.21078490234077984,0.2401797388091533,0.2307122476132818,0.33962303485536793,0.31326863271281064,0.2510306220639662,0.6146808273923994,0.5315836734849663,0.40059688555955364,0.45495156069003034,0.6179274308166471,0.6089989519901224,1.0,0.9926211299714428,0.7582730896236217,0.3883311104044239,1.0,0.9998477088504002,0.6976718289712376,0.9307118132256044,1.0,0.5606903570533204,0.6219996111237366,0.6693566949986226,0.3842272000493458,0.36982519459691804,0.25985285264066676,0.23870234798247947,0.2125257744624458,0.17574362237311641
0.11635191949337305,0.17153732993921358,0.17774586810329446,0.26525078724770973,0.22865923073438693,0.27296139300414846,0.2937580413724227,0.5171095759685489,0.7016182610801426,0.14822482548870702,0.42457260822726695,0.5743094077242709,0.1479446335493535,0.15676524006664158,0.16693519822898029,0.11057936221272059,0.12708118547289177,0.15704377231388653,0.3354336099832158,0.3815669090064907,0.4252435321533887,1.0,1.0,1.0,0.8016738782376714,0.7868377226146902,0.7438179440570514,0.2419579920607825,0.2449680191282424,0.1899646166525559,0.10487596729140819,0.13785810892259745,0.16162613201550882,0.05855943393253587,0.12457203680860991,0.20079163728661867
0.5738736404268433,0.3093614169287105,0.2067266336087519,1.0,0.43532839115292454,0.4006703621095398,0.8530222908482594,0.92114040369155,0.7791125846265609,0.35356636876504605,0.6673810148359545,0.4991162010701087,0.571344889439605,0.30056909748968996,0.21754121569447618,0.6161700863916557,0.3380689252444273,0.20866989828869714,0.7714840875310983,0.5760505081783068,0.5919809490860232,0.9806862235881031,1.0,1.0,0.8483412102228323,0.8818384954721781,0.676161260628477,0.6574037136347434,0.3476461722511428,0.1878415284714486,0.5838463385437966,0.2925340753163317,0.19771236379297324,0.47657151701749745,0.3525548227449086,0.22189021913925266
0.49393237338776136,0.21700000661906885,0.1498289484418777,0.4169904303522899,0.5206725570887626,0.41751529253487557,0.8541044829132023,1.0,0.8727268835379424,1.0,0.6838424492007709,0.5213996416436505,0.6526541774466201,0.34298945678812975,0.22354614232665454,0.7022574406254251,0.37835623543462443,0.2265734306297385,0.7546314547539154,0.6368638005102122,0.6131579205035694,0.8353553199191498,0.9210388564732545,1.0,0.9252617919515166,0.7714486767002001,0.6363433886756688,0.6280642559032259,0.30659220924436503,0.1324973948500992,0.5770498192350966,0.2923110571775586,0.18813220579598047,0.45727549022626424,0.2978680204128122,0.20440630127331705
0.6096272769871744,0.2557197142805879,0.2071434316543323,0.6728045102766437,0.5816856647270895,0.4737569899083849,0.5135608463051557,1.0,0.9361922422498896,0.7652087389997602,0.5597321021486609,0.5214255023631401,0.6523147175227205,0.355187631745108,0.31909329587846114,0.4868838463182474,0.43969223219571507,0.27726108172667907,0.5543135715368664,0.7560344574621441,0.725852256382546,0.750967298600568,0.9513638399242846,1.0,1.0,0.7349471575788722,0.6476622217023288,0.6244494639073991,0.2719881386614343,0.16816729021941737,0.49293033777523654,0.293680730962854,0.22428986060259498,0.384458696927751,0.33892499218165645,0.26109010591388015
0.5288109320409693,0.3705699148931633,0.1927266217831446,0.763502919075068,0.5511729824779832,0.3834512952257075,0.4633049167974334,0.993844923309701,0.5363238086534285,0.6436888140905895,0.8101869639925385,0.38198231790789405,0.6806377347890458,0.4436980586197157,0.2676475681152369,0.732526443821809,0.589510474437731,0.35640486605427085,1.0,0.9980791243856758,0.7212351281475793,0.5430670960072549,1.0,1.0,0.7740108802355256,0.7850600196398384,0.6586595449961685,0.6508807779576359,0.45952463741201827,0.2279354761185621,0.37180750245781524,0.37738160669520615,0.16198207909965115,0.44987552656726176,0.4731585848421227,0.22164815580057104
0.863299620496534,0.7392882982832807,0.7356435395345264,0.7404678474045948,0.8138064099364775,0.7320637606759341,1.0,1.0,1.0,0.9754439748975972,0.8678283934685823,0.782693093230209,0.9930250374185624,0.7405409375893214,0.6375975354946977,0.9258853469004905,0.5491149939674727,0.6042778955550366,0.5943633860467697,0.39338329411253564,0.48764936395114805,0.6521298481737162,0.53945512281872,0.5135787791246194,0.8040593135555306,0.49852497104810994,0.569087822680882,0.8111204974386155,0.5387786404923496,0.48203604185563376,0.6440334444497384,0.6345967684907661,0.5204137794889709,0.7916939890351625,0.697882333763193,0.5781241717517629
0.29220956306316526,0.23765475012550835,0.3082796895756073,0.3030324202365504,0.26887995287319966,0.22258170453191495,0.2726929698240669,0.4640424861587358,0.4182756020846274,0.19217567709473624,0.28135894438639986,0.2277483965918036,0.5291825550519066,0.3451319110581562,0.30402347542690983,1.0,0.8217169234378775,0.7488882265114236,0.9523069850407988,1.0,1.0,0.7649864130612469,0.9118648064217023,0.8561522141723663,0.20547851878795526,0.5355670228485638,0.690912290904494,0.2539567861583516,0.2818380533664541,0.30955791251881065,0.22011743047839222,0.19962845461133347,0.2742162504443184,0.15504564262441206,0.25060371282819455,0.33035461757347906
0.6927696521538018,0.6561293627142961,0.5488689844105229,0.7245347495891944,0.5768547300557629,0.4322989316863725,1.0,0.7697314754095671,0.6219980302589401,0.4562128713398305,0.5468521881956623,0.5584036652469374,0.6362448572830123,0.8370126441322762,0.7427394440054331,0.6410801056920321,0.8766964005824599,0.8489973751887495,0.7352568328441123,1.0,1.0,0.2980999555424641,0.8249062731572202,0.9503620894754422,0.5938780666917063,0.6885326745132151,0.8072750447014655,0.5056069014007228,0.6666620081645137,0.7284356097697933,0.6299996609475838,0.59549065722109,0.5237810813744819,0.266410764450462,0.4555792403492129,0.45238940741878236
0.2283395007870438,0.2074892516041537,0.21865676983778515,0.12690644660482434,0.21306664214402798,0.26227319736312327,0.19983050578737352,0.2398675445353472,0.34212648413994196,0.23690792196079305,0.23146963456227793,0.29894985750614766,0.406164344528042,0.3326985587749455,0.25179853635147215,0.5362357939911057,0.3937937620199275,0.22474296705590763,0.4867700068863876,0.6002073234879515,0.6339999532129333,0.7476065047525381,0.9133256373345641,1.0,1.0,1.0,0.9041403680900237,0.20899540983807635,0.530571365123372,0.3650926547800995,0.37502298738421447,0.33998431361677595,0.22587955066771748,0.3003451852897969,0.2795391811142718,0.2012799315773915
0.33737349919271425,0.20437049458849213,0.16478102320849194,0.3322007773664185,0.21864833141058265,0.18936217901582314,0.4249529208126068,0.4247949949981353,0.3327114040192455,0.5522715792916454,0.34757129640557977,0.228797316206087,0.5781916522646796,0.2508894149453654,0.16736351069027885,0.5777642336729999,0.2057079165035808,0.10903431333237086,1.0,0.6419147563605901,0.4846591344305194,0.9120805046285764,1.0,1.0,0.826690164206616,0.7562420133443128,0.7531377266703368,0.7146334431349165,0.39251377972742524,0.1781763794981595,0.35569898711859654,0.23254782990259726,0.16520019299201524,0.34580874867245676,0.2578754961032287,0.15796760504767698
0.21902173257361424,0.1295907540285691,0.09353040069671884,0.21847403666592177,0.13932658763194275,0.11819519884348108,0.11662443358404186,0.22879768343558896,0.17591472892721413,0.1401001258841021,0.14995450695270443,0.09325492539829064,0.1463250484921586,0.08049232630626191,0.07167677918312021,0.15457328323436825,0.08197336505931398,0.0780650157593611,0.3754848695653389,0.41463390602681677,0.5000897127807051,1.0,1.0,1.0,0.7279353115134226,0.6538944038420944,0.5923967515599771,0.21824143471309562,0.11612137350892283,0.11829012691551463,0.14110901118722155,0.09913415108819423,0.08694555236405684,0.20971937996946594,0.1426047599376441,0.1058484979809748
0.39612599224021067,0.2624089813597665,0.13907773902787043,0.4229677294826546,0.25320054010249504,0.17147385775940827,0.3345311404057043,0.35210888908647814,0.23995114034054935,0.3918581720362864,0.31185281067667364,0.19713786541458073,0.3576930293477482,0.23297385306246657,0.11215540381656743,0.5224896259409318,0.3146533355179486,0.12149848344338429,0.8687589281071579,0.6791016623010294,0.5372915629999154,0.468133636331315,0.9028103287360223,1.0,1.0,1.0,0.762615337302372,0.9089443586219217,0.5072781694793176,0.22249713794088338,0.5663540660260665,0.31714236382384925,0.16086518118608673,0.4211489299643231,0.26124964461089056,0.11534768130338584
0.2929009138958365,0.2912492542466947,0.17074660751047852,0.28456824844953227,0.33458113991897603,0.2345721853116048,0.3149555520761983,0.44151645068118345,0.2900639972024492,0.4464210559401559,0.43235895439667804,0.2531215602866125,0.45051305073697445,0.3107387227380058,0.1475024326837702,0.6126169932204856,0.44619582373337396,0.215710759349526,1.0,0.9069703093608189,0.5990215044692775,0.3719065744874406,1.0,1.0,0.8333220899558432,0.9688055054938908,0.6894274553114914,0.7880770468500471,0.5330913445712379,0.20767464904119867,0.4663317385567532,0.37414352949912444,0.21844041015840718,0.28343324102220574,0.24207059236958203,0.14587723886096673
0.26661728088921266,0.1772968237282589,0.11769901055539317,0.25801077010438966,0.2270194365886543,0.18809474578147956,0.25938007213404135,0.2220185659020848,0.1416137004903971,0.2880691013267963,0.20567774927138893,0.1526629307742622,0.30332661388587545,0.22066683834268588,0.14016721970518572,0.5833719764893239,0.41608814891430346,0.3913073960508832,0.32910288253136843,0.628522897123308,0.8662112300030512,0.8343317486360765,1.0,1.0,1.0,0.747166294826571,0.5247969650476528,0.5518023817044225,0.2761074270521363,0.10977906011750115,0.34811110209053375,0.22533558393504702,0.13832534953166142,0.2905857858312053,0.19045921808487537,0.13542871125979147
0.2446278942521357,0.19600099761723064,0.2161487159799118,0.2127278181722268,0.22108982542942232,0.20010764127743486,0.1890745999713821,0.19787863195320732,0.2636373696426151,0.13394139312273837,0.1353113185932494,0.2500717780450254,0.6515158420377556,0.6042725812605559,0.6858829829401598,1.0,1.0,1.0,0.5886535886752494,0.6662957737603524,0.5711035069966712,0.35889640391870326,0.2532465573008137,0.16946357239002305,0.25783319307222674,0.14387599794876096,0.16148000322098413,0.1913909274529443,0.10163826079462047,0.07407307980595342,0.15367941960137127,0.0641071248090574,0.08752689548575722,0.22890149525309833,0.08445754711876687,0.1611622823266887
0.24799296467145845,0.23203556063723516,0.25761168494829056,0.3430561445439689,0.3676817583923847,0.38851443579816064,0.48999556414435363,0.4281883689414319,0.2841549962719883,1.0,1.0,1.0,0.8964570360938034,0.9552558405811328,0.9917757617952928,0.32674324779136177,0.24885088368344854,0.6389301529655487,0.45551126763256006,0.3856994572812128,0.3630715577977715,0.46309095846146847,0.4309193148276508,0.3429906154628886,0.3471091646743856,0.2792676894013672,0.37216204264803576,0.31824678728730593,0.2348167905461574,0.23676470526530222,0.2725479064359121,0.29922458186613143,0.2710024707888359,0.21206905100542875,0.22509805873803865,0.20024498005904393
0.5619674311973146,0.6782373914634146,0.5123074971180825,0.34032077583440884,0.7738061453787131,0.7367143044990965,0.6057249777715137,0.5442270128482221,0.4694226685220954,0.3787660417795268,0.3698091583384728,0.2550629383862588,0.5758199725354528,0.47811962819878506,0.3811158320200973,0.5826742649364582,0.7525279472414638,0.8587086771820313,1.0,1.0,1.0,0.5567842526167679,0.580259561300518,0.543729326912112,0.2257046534696805,0.16810072763886008,0.14686454823877576,0.1773955006634957,0.1933851370293581,0.17342755235367313,0.14598466463736812,0.20073571983322291,0.15364103323510434,0.38475824754554533,0.23534463249716767,0.10278209749341573
0.8720409383667626,0.534548532598129,0.4229879119989237,0.8784767127382441,0.38502048840674746,0.3160098584028021,0.6664574486557043,0.2406393030888927,0.2159429740263064,0.7112357734879193,0.3108464362129941,0.2859701324253793,0.7809319372808982,0.5503703167380936,0.5614375785682347,0.6783591975175991,1.0,1.0,1.0,0.7184333695258318,0.6680805093520839,0.5398342493893038,0.18396913132913043,0.12843328352991892,0.22866549241866765,0.10806118164823691,0.12339095989252274,0.20242341191105825,0.12084307967754183,0.1298965769338662,0.1554376575352158,0.10932852116500413,0.11613429518371603,0.3094521188593951,0.2281205574563482,0.22841836862868356
0.6287117054853582,0.44879045598419426,0.3947274736638508,0.42829030063939433,0.24415664872345638,0.22776196022532397,0.4042127125603412,0.32325289123498846,0.22256935259082936,0.646331697499961,0.36297918906222115,0.18766192273927312,0.9722327699296626,0.7678876994217255,0.658097389386117,1.0,1.0,1.0,0.770609342519727,0.6043608927889491,0.5395110626897407,0.4612007273561126,0.22120679257250928,0.11720953082063637,0.3687420120090709,0.22189788041287903,0.13383478808351262,0.33195151091708835,0.20810176112995896,0.1436365350235298,0.26828655486498443,0.14030122202386855,0.09605689546530066,0.4357947939893913,0.25944781164550085,0.20416329765902422
0.29677090904690173,0.3299307938916934,0.2935155812237175,0.3043595159049994,0.2221488291663756,0.21743189335407115,0.2632198664167798,0.12994048669899927,0.11003931169995337,0.31730152554537644,0.20086122773294474,0.18625344825132303,0.39611971669465956,0.4875476999876433,0.46160445811408957,1.0,1.0,1.0,0.777980599124686,0.6411446162449623,0.6924645976845832,0.20170876655957187,0.09763853780014069,0.12253286952511598,0.12429693383155094,0.08561352813708316,0.07389424788057565,0.19125896135575965,0.12649507609132513,0.11308044722609113,0.207630886577146,0.0997593402814636,0.08912401626231618,0.1754184815034255,0.16038981522030354,0.1280489547132264
0.2628966653296785,0.30020713340499855,0.29303418963109357,0.19558877343246614,0.21429488496241964,0.1771720115235066,0.28902647182614516,0.16697229214634618,0.1631507415211281,0.5755922185717215,0.22947952669629693,0.1854827067487868,1.0,0.8015366807134605,0.7556424840783421,0.9651281547388388,1.0,1.0,0.7707639574044426,0.5681245265187894,0.5778512481811378,0.5126078986265445,0.20957413568424754,0.1902486109779847,0.3574410750638719,0.18481947241133126,0.16984864518325024,0.3280140538574415,0.1930834307003337,0.15736348987820903,0.33739901204013517,0.121362987547091,0.09864608780927071,0.26554270256454593,0.21448376958989934,0.19602692378570963
0.3472756335006734,0.42836876147570724,0.44729139204917806,0.39771522657784814,0.3552629093202723,0.35284754120420897,0.3113983165644786,0.23200031951907102,0.24055211792772252,0.3534565368874427,0.2936968808564458,0.26585205886592017,0.6017187482085995,0.6435280710957061,0.6141281148157074,1.0,1.0,1.0,0.9083513675966943,0.8885418004467894,0.7985262186703312,0.3699007401939579,0.43903127128736524,0.35989124189879124,0.35527300458123934,0.3281229564132226,0.2801161620938457,0.25519159990026635,0.21760341379261802,0.12216709496125715,0.2948147605687497,0.17560798667523914,0.11071565727310159,0.3244124702635682,0.26959964458159946,0.24092980867345462
0.6392576283683151,0.6505797174583255,0.6488468318574088,0.4315277374987786,0.5213594252388934,0.4388455975317178,0.2595990715144027,0.25798829931348166,0.19190405269469718,0.37564481642755004,0.29794344067856976,0.1783003705085426,0.4864183818731908,0.45149334835397137,0.513279338159218,0.8651912974547025,1.0,1.0,1.0,0.967847805468143,0.8217833342998997,0.6182764138424124,0.4257595685065411,0.3156063785444938,0.4257353072263344,0.23415364287488746,0.1802580534480656,0.3039292112376466,0.2104374628269991,0.16905671034138905,0.21812889801360577,0.17261976434805318,0.15384257932252232,0.38633387282977494,0.28132521791456877,0.33009620514920884
0.6668291596214527,0.4693576409508236,0.46726937509720984,0.423257939247833,0.2607704743294537,0.2292860113309774,0.5391942478125233,0.3288692911207587,0.4191924746748853,0.6798790687812191,0.6486245749317143,0.9356027887746045,1.0,1.0,1.0,0.7599794219940478,0.7565692306064729,0.7956221645839545,0.5281064154556993,0.40417480873656975,0.39578899969335535,0.26796701007169876,0.2207522604781233,0.18828925033297966,0.2591716623499882,0.1824524432856772,0.20155734491367083,0.19920340820844432,0.18220106660081156,0.2187610159418305,0.48608006152813354,0.3988489678252852,0.6245302595971336,0.848106512673195,0.7550022635931326,0.8437475686750544
0.5589279648213524,0.48534226884499854,0.3576155892409725,0.6733472236567647,0.5618377630728141,0.29256455807180903,1.0,0.8571295515954265,0.6106516269940694,0.7607227024683614,0.9754041849707685,1.0,0.766146868973417,1.0,0.8602489857724198,0.7488657876043155,0.46726595277619964,0.32118878667785006,0.879010572781935,0.7421031832574563,0.40442718369591185,0.8917787254113765,0.776475226666025,0.43289580443033676,0.7619068934035375,0.4893128158506489,0.17882408657419732,0.6650018567020147,0.4903570185938425,0.31816861220635095,0.4856166207782659,0.541665291231587,0.3983382817009853,0.4210671049536564,0.3978649448467946,0.26522188773330074
0.459605446541101,0.39743974598620185,0.181496194393293,0.9087693525992223,0.7891624688849443,0.6711281335945377,1.0,1.0,0.9743289504425089,0.5296124697593816,0.7665384918924019,1.0,0.7288817702384595,0.7798698033856252,0.7869052853608567,0.5858753858341048,0.5474208926371696,0.3239123779190669,0.4658465187519748,0.48192337623413745,0.4881263099601247,0.4708782600573138,0.4074651591426954,0.3067682870045095,0.4660458126887844,0.4421781610284804,0.3715920371346426,0.43097739208339436,0.3914449410732809,0.38591798203014455,0.5110651957157337,0.3732411495454505,0.5544155079074525,0.4993422148794969,0.4784574355650825,0.5215601874440251
0.27678383908001775,0.3411389378012132,0.46729645674894654,0.28665167966599103,0.2233696156437018,0.20862073093909295,0.6630931749180604,0.5337500126768397,0.45399438009402676,1.0,1.0,1.0,0.3944249372131661,0.7397283417720644,0.9398562811455233,0.4905076805048199,0.5015810639875903,0.560895008146117,0.47678092292929836,0.3476594021748067,0.277766054965501,0.21233181065206508,0.1716995783966281,0.1528314700144167,0.19702877822169884,0.1178639866862964,0.10211255257959123,0.36214375597535114,0.14984539742977582,0.1520214522212562,0.4745556527661421,0.4888427633014932,0.5650861892446969,0.1757584200525133,0.5129423725199501,0.7401332478904289
0.7434011091958189,0.6103612324167199,0.5263584488867916,0.7056007863695515,0.2934912064220104,0.13432412428373944,0.9761142662768153,0.6199532788244186,0.4588636850872572,1.0,1.0,0.9392377699775017,0.3453471743426236,0.7743745294512746,0.9621736857709701,0.6727592656246723,0.6238961041404688,0.6037827278109645,0.5027270555908807,0.3934858229615005,0.22632880782380763,0.3714286963054297,0.2992243856292996,0.24434381633318683,0.37149885856291687,0.262091503831815,0.14043570888895746,0.6746220476431927,0.2916965947318144,0.2032696304938781,0.9103988339159885,0.8204416970148272,0.7875481541197256,0.34476855967228126,0.9844926535520392,1.0
0.9550597488693774,1.0,1.0,0.3827148890240661,0.5178057969631701,0.49719494074475673,0.47124483682967366,0.3006040722879933,0.20233173017475847,0.6843953382208288,0.49368962625926066,0.36437594645788224,0.8508968739763956,0.7600619334420808,0.6989787425682674,0.2849778903097511,0.6343491036066585,0.8344431702522515,0.6691088804688919,0.5632222289105403,0.5667281033003335,0.5686375558690687,0.35563898569695435,0.24902343880579927,0.2919209605633351,0.2088530717200475,0.1727843561873288,0.28604800776974454,0.17353727042529074,0.12405049158181478,0.4297240941751163,0.1766128907506483,0.20488722272999874,1.0,0.7995427391133058,0.7822293829358121
1.0,0.7509703179292481,0.6613322500793992,0.5130389853765911,0.22388030108657692,0.18168489778290337,0.3433853134000875,0.23144823777850687,0.2016861227321201,0.6960708398060653,0.6008582618737078,0.5150409593898523,0.9872892967213869,0.959792496934336,0.984769766953877,0.4356391005573001,0.5806012364660978,0.6583862736255522,0.434220681204374,0.3420866661965099,0.2540606895327753,0.44252121004797934,0.26199728493412516,0.19685633099640454,0.3409309743797991,0.18268256047828282,0.14900730811617,0.4504352142707873,0.16768310671961237,0.16921093047469657,0.27184117638610406,0.5260987948301703,0.553417674997809,0.7266695301989864,1.0,1.0
0.46026307641338243,0.5780576195647539,0.5753943670435707,0.4478789298572163,0.13263957546665361,0.15410016178597274,0.29198595913815467,0.13522986260802367,0.14405349833825695,0.5276849846008341,0.4731135409202533,0.5071546805666298,1.0,1.0,1.0,0.6838212466266168,0.5979209344755483,0.6070017297594794,0.3183602135971872,0.1872558972284848,0.17085308190213172,0.306921443903931,0.16480503326323734,0.11265993141537273,0.3264832985946,0.1807017950947914,0.13956018784623261,0.3918434525587806,0.16267265917911383,0.11211912495371519,0.6271932719461056,0.4905794568468043,0.4805776707563158,0.2921129206875369,0.8523441169703908,0.9099712625874693
0.30394693181986526,0.6573608867206908,0.5148900573967491,0.5534853878205007,0.20918316529927933,0.1206927779960619,0.4938875078786404,0.19700586560784603,0.11069974396190393,0.582840649842278,0.49546315181027434,0.419412940872789,1.0,1.0,1.0,0.8708897514779421,0.7356809877425449,0.6765269657864107,0.3394689081838653,0.23264599513481618,0.1404334699236153,0.2595551923400519,0.18262169366866923,0.12548258314169675,0.3602773896346371,0.20040527732453361,0.14922420522484306,0.48780056872620803,0.19631646793061172,0.11520348519474868,0.9162638501532266,0.5433651650319562,0.4586547781155877,0.7627562540579879,0.9161102291663801,0.8182858484667407
0.4560198438848521,0.6844851084771444,0.4607105206802725,0.404923064624139,0.40066854967712384,0.3376505008716498,0.6843506867631726,0.5619763562851179,0.6843612461318966,0.5584402541224582,0.6960497852595389,0.98449626155587,0.8292602992242185,1.0,1.0,1.0,0.8225243687391776,0.3901027686638858,0.870173482886668,0.6772307283625332,0.36386267693656543,0.5653905330869201,0.4258850092451022,0.3695421194153723,0.49671753739045876,0.3420202371367669,0.23298352811239795,0.6021316272163261,0.2908988351915524,0.28638853520901447,0.8601924348597628,0.4516176459871328,0.2083924915463018,0.922538810917812,0.6786558274546849,0.2890425717325711
0.6080211287573718,0.7087622736315699,0.6399776632259335,0.7060729837445512,0.6318734839474808,0.47386110044640595,1.0,1.0,1.0,0.8327485662181993,0.906421380925503,0.8780803775597288,0.4827585982808528,0.6576068191175831,0.6777164207561047,0.5861162520613745,0.7106715264810209,0.5995289216352103,0.528683325702669,0.5512619781132552,0.4666047285642988,0.34984694206723693,0.29089549653572483,0.11587960455752366,0.38884192107394766,0.3778790849254879,0.3277371889714528,0.4669625807344759,0.4477300975915967,0.3179186061747479,0.445301349843753,0.34372519648642647,0.25297673354133043,0.33648016010963905,0.44284392107630477,0.3827144259083682
0.49825519379561023,0.4081040416627732,0.38744951925237675,0.6384763777061231,0.39151494548905036,0.22726362367543856,0.9713532010674077,0.6128340446682147,0.23685923300554365,0.8288702191589137,0.8427667646247569,0.6615024247202721,0.7171023645233005,1.0,1.0,1.0,0.958072149514625,0.7919541402243773,0.30238101481794205,0.45063722160529435,0.31639205579522467,0.28638593661245043,0.21404097161901256,0.11721578158861944,0.21470709085928738,0.20545746927953643,0.14319883280456883,0.10440787716604791,0.23750186347378038,0.11859677443263136,0.1564915634288365,0.2556682221038835,0.1797226081967923,0.18073779950641924,0.29816373368551136,0.39811012980475674
0.6202692113922776,0.7486395039239043,0.7597522405505267,0.4411596212239181,0.42384972004979526,0.35927021581426427,0.6036591145151585,0.40696860583315064,0.20033478623378786,0.6124771996185581,0.5214568761757584,0.41794118095993205,0.7771539511687957,0.9210699424444806,0.9828101161431486,1.0,1.0,1.0,0.7978088728166686,0.6153891943065772,0.541427091034909,0.3709322445495872,0.3238178460678731,0.2366182440853459,0.24697430063449355,0.21309783414625008,0.14025478147876214,0.27070368439505066,0.23811200098718113,0.1914333331566057,0.41856205618299613,0.3641128255213765,0.2544945838476073,0.7713278347624414,0.7521897224559988,0.6941471807160414
0.8051748230219353,0.93516121266028,0.8086313892136785,0.31448712286271807,0.6846522764391128,0.5800504964445873,0.5493258482942341,0.34976966525365816,0.24855419824970865,0.5498627500134718,0.47372974844022353,0.3854859410946927,0.7281131800376165,0.8344992586917528,0.6478601677902285,0.7520258803444873,1.0,1.0,1.0,0.8971178221342928,0.7851853173210769,0.6218520245018537,0.4011923149122559,0.19786243411754323,0.3538985886013945,0.2882004197243089,0.21877490967875404,0.34345648107248744,0.2988384507217023,0.1936551001074752,0.48070572666114647,0.32140878433679315,0.2192744143442684,0.822726743584245,0.5263211270914842,0.43848303109270326
0.9727364752079842,0.831581695678271,0.8167611958375126,0.5754466583173287,0.46519117015843975,0.44909252869975386,0.24036325343508164,0.26087157109271514,0.24289678505340384,0.4350823145494508,0.33616157307309597,0.27396051844034186,0.9828644430848325,0.7846448677663579,0.7123738823072896,1.0,1.0,1.0,0.32792540130418935,0.45268565358594687,0.5154103199209799,0.31626592003638215,0.1906753044229054,0.1464413999897616,0.21760982639580093,0.12611306058392763,0.07233241691811795,0.1861999500565226,0.13644752140137786,0.12822503491877807,0.1383552528745211,0.10582708506854399,0.09445616517790474,0.5473419880978018,0.4187235103105006,0.41448809286190014
1.0,0.9451780412505288,0.89112928108349,0.5136751912956156,0.5860795496440117,0.577797407523861,0.4046692862941494,0.26114371972493,0.24292073889261137,0.6218130527853851,0.37936028819921414,0.33860579675434666,0.5959485163563417,0.5644438484389441,0.6320133473217918,0.7822862170367438,1.0,1.0,0.8814892486424283,0.7514003351621918,0.7244548203398729,0.46260633468655155,0.21824035253020033,0.15152085285627223,0.2641036582033267,0.1961456388325462,0.18435755467169387,0.22327418644197816,0.20712821189213904,0.1841989443552606,0.1941142072853455,0.20966959735277294,0.17322151164367725,0.7089035335801419,0.5844312713774832,0.4880588550846787
0.9472750504831542,1.0,0.6938447616246275,0.8872328615326722,0.640987034968693,0.4852848534771064,0.595578753282325,0.3641603609193414,0.24256055321917788,0.669337348975009,0.45938731333694477,0.17202574516078076,1.0,0.9489903640191296,0.6744093738301088,0.44202986620798135,0.9185730250673471,1.0,0.8446682614831744,0.8456861764348212,0.7273857319555563,0.5814619112875371,0.43724273191182395,0.27320279593415786,0.3733561937086372,0.36157834552107726,0.19890698178348953,0.38237078986952183,0.34406327466597575,0.20410998998688362,0.4184219058730714,0.25280341596249556,0.18051822684829866,0.4207558403036714,0.5938835141897484,0.2986318355676065
0.7796577777406806,0.5033466623694584,0.5206828102131195,1.0,0.7341916494445223,0.7476573144620917,0.578141846353594,0.42077854890513006,0.38220717101487667,0.38111823107641823,0.2570729535435325,0.1622104307426087,0.6641279019014834,0.33375852101821885,0.21626372382049733,0.9061282379294253,0.7578651842390068,0.7509566419364343,0.8633065062853099,1.0,1.0,0.7943899801552434,0.5396511797141029,0.4822116170936432,0.3003346808874452,0.12861053780121792,0.09503547436588354,0.3176048148103842,0.20352584255612136,0.18263247475355382,0.3214701570227173,0.20018244210944647,0.16732439462276671,0.2384776447701729,0.11234161176765384,0.11885294684195917
0.6558682535318314,0.5115566093065381,0.4859859145028767,0.38664363577215327,0.686567794875237,0.660122459843965,0.36422978302842635,0.3477942640947076,0.3040049638276223,0.3400616794602921,0.11760379909394333,0.09569547785701955,0.33792726394336753,0.20922287823251443,0.16503527881146368,0.5796054358275173,0.7357120974005744,0.7562593435383616,1.0,1.0,1.0,0.6102711703942131,0.4642909385332384,0.4340370781269933,0.2792925671846373,0.13864407527891467,0.07098788950742266,0.27277455367733766,0.16373904137510803,0.10312150826541802,0.32434718874649876,0.14634222479635703,0.07850127102137523,0.4266236483772213,0.09591222428450219,0.07378804438827125
0.4767326043733014,0.687491523296666,0.6750983238919618,0.6358065012248556,0.4553162169968801,0.44611526267729334,0.39665436793301007,0.14865803449671536,0.15236485144126435,0.32164627047305877,0.23403725809283668,0.1937509321375052,0.8164541342204896,0.6670007379730446,0.5708661813393073,1.0,1.0,1.0,0.3992741596136349,0.48397760426637815,0.6322282242562184,0.2468383024962155,0.14122940622097307,0.1480320327579199,0.23587546778812435,0.15684757305754912,0.15580023211531532,0.17124423372389921,0.1618014543393624,0.13620947270893904,0.20987088784255886,0.10393274317406793,0.11077062927329262,0.16299691487426812,0.3553612131163013,0.3228037486407708
0.8682449468435851,0.7648889843182701,0.6497525119725635,0.4590023887948967,0.88128478507846,0.7380658317209062,0.48560766028337343,0.4483560662309875,0.35043980968876287,0.4798120022949545,0.3170499725387125,0.17716310745713026,0.8386994218783363,0.6104383126954706,0.4072171216646111,1.0,1.0,0.8867506368760995,0.16983274374395885,0.8504767240537583,1.0,0.6369089426733827,0.5818796780682755,0.48475484776625155,0.5940352012180848,0.29961805523586915,0.09703504031946696,0.456213407604703,0.3027000395093149,0.19472291945945303,0.3358560128201837,0.216340054955571,0.12039815209188738,0.5689056121189164,0.17712479336570958,0.15581100384762353
0.5692268608039384,0.7886382470885013,0.5811135496047185,0.7151193177200174,0.4903491222632997,0.3494883134189251,0.486782083834263,0.20944757903815253,0.13576611358249194,0.5457822454229923,0.35457588508188453,0.22462984142434878,0.5861126561044416,0.770004216933219,0.6749824433378038,0.6463097230749104,1.0,1.0,1.0,0.8505024689768629,0.6989847129190361,0.730986786622816,0.38381417661539063,0.20214079434105128,0.5033059925314053,0.2844997153940733,0.15742277386959422,0.4147776975726942,0.20619366955028445,0.06285913143635255,0.46125287140267457,0.16522051285663988,0.11826099524874831,0.38005271300371024,0.5174583639104816,0.40721638979118674
0.5682125249319651,0.48422803746574145,0.3184748450802983,0.3172338995525132,0.3500696671636653,0.24421802450557148,0.3265810947963215,0.21380165638340715,0.1751895721754628,0.4776409545276297,0.2832719479743269,0.2222343392317602,1.0,0.8107980220859912,0.6709717758013788,0.8960925588313905,1.0,1.0,0.6573116053376377,0.7122868890184312,0.7277307865194785,0.5842508590690121,0.46721653790290296,0.32172287138796124,0.36276921963043574,0.3238708480433203,0.2257091207837089,0.1986251677194069,0.234284543625459,0.16191445413685573,0.25310581218482303,0.21735832547733916,0.15883889816116842,0.49345429332264956,0.36372021908298646,0.2738959716344097
0.37321742279996434,0.42137583179938687,0.3490047428332337,0.35469520747844363,0.41491811258656053,0.34056057973392406,0.420158651288309,0.32299492561540494,0.24431327821118523,0.5723251623924572,0.4559238909180295,0.38905410100542775,0.9876335367150354,0.8017413340548861,0.6988793700526768,1.0,1.0,1.0,0.3806112472653806,0.6501772421069575,0.886857153469833,0.4407874939075439,0.455276048704095,0.5097060439545674,0.4536741478106473,0.3476874089352849,0.23879224316703426,0.37266095100218866,0.2911198770439704,0.2379756704833212,0.3415168842524753,0.23037726658636545,0.19410700488888658,0.36499066259238483,0.24329353414766433,0.17536180246436744
0.4072564179429496,0.4153229504438997,0.16073495632613016,0.41716915840254976,0.43257773765609453,0.2174637403497586,0.5361970596492055,0.4489025096895844,0.2454276960575213,0.5972186580934483,0.4508530842238182,0.22974554347867993,0.7902993076617699,0.4883345530743689,0.2587787981955787,0.7195401573529442,0.8190043673214922,0.7491623657018448,0.6926435087526155,1.0,1.0,0.9256748491958704,0.8630594293404021,0.7194063795034281,1.0,0.6254814915023137,0.3617197667512728,0.7588683000516405,0.5288246844721546,0.2498148091527769,0.642137089868422,0.45069304338995325,0.2729930778858847,0.5090973846996277,0.3270347859444023,0.154475641835939
0.11901786249678781,0.11374800881529644,0.0921821501767471,0.1358005353018739,0.09451577337158035,0.09613643279727102,0.22909199499513702,0.16280747445857394,0.1525810215407773,0.3223508318104345,0.2009534757853138,0.18127019468949176,0.4091124373510359,0.5231751021719133,0.5990039688830148,1.0,1.0,1.0,0.7869587969926045,0.6875982846685236,0.5918411000266579,0.18940615830948895,0.14720510161871395,0.14573958081820854,0.14380239828955776,0.08804051220891629,0.07915216759404879,0.12142874187243097,0.09918797068957692,0.07800774193212316,0.10688398196604218,0.06388145553200258,0.05054714714961921,0.1278774751623384,0.12087146439007461,0.09277050360946512
0.2634976988876534,0.37865393976845707,0.4359587227204468,0.2693034485284492,0.35563416570453893,0.42281141203155365,0.15974727511026307,0.247274943737579,0.35848474319488505,0.3202755147417514,0.43605190237296193,0.5068879003420951,0.781115761483537,0.9694606828677559,1.0,1.0,1.0,0.7272320017992553,0.6743089453207461,0.8465286747105175,0.7945817398907054,0.16595646679464968,0.3982103146684508,0.5607736158613186,0.2544265724709649,0.32475450468693967,0.44393505916425463,0.23586610169944763,0.30531926072858007,0.426615656762916,0.1473145287220834,0.15728301714170217,0.2913912343689332,0.16560986270411185,0.24626933331985512,0.19954167604156633
0.1523358094496365,0.12277867527701734,0.17790090824198931,0.1469062877065501,0.15555553657529853,0.18285401875728738,0.14580916580695077,0.14547194828014975,0.25827365060463553,0.4235792252647232,0.39476127529511035,0.45004115247183374,0.6720532860258828,0.8356475179307151,0.8899922367689156,1.0,1.0,1.0,0.6901901872858283,0.5913501596130274,0.5594088321074256,0.2106595192961211,0.17758501758606027,0.2534187533699353,0.14364465312249755,0.1422899871486993,0.23420895923843912,0.17777732015092096,0.1860579305164067,0.2474701028226389,0.21201777754347997,0.19535173303843775,0.19786212631459546,0.1664029795747078,0.1723330672857051,0.1817427567201058
0.5602225242571758,0.4965412870855591,0.5641072358305692,0.4029635295914885,0.4656033060249874,0.6009996512081609,0.5092857532416696,0.5864064434587077,0.6019679970718718,0.41168554780833794,0.3886366531460082,0.41436001980392045,0.42342109180436777,0.33269441487479706,0.3748737917929927,1.0,0.8975320222834346,0.8769430195951967,0.9443396996513752,1.0,1.0,0.47190530532647224,0.5077326083288134,0.6437900273352232,0.42738232428094997,0.5280570919939492,0.5154117076457746,0.5860966412999239,0.6133418522818538,0.5756433241272496,0.39313427255393507,0.32767264286353404,0.4004162232070345,0.35572887844287454,0.3678968693103214,0.4608570613383365
0.6286184223243837,0.44151312163529427,0.5044040609120836,0.2855516843920301,0.310119960172961,0.37864491507163983,0.509730201988489,0.471362246804428,0.38337882792168576,0.5481682457179515,0.49959266843174366,0.5167978327109092,0.5484872185824063,0.7166675897094053,0.865425506474746,1.0,1.0,1.0,0.5355749286044087,0.7413372475717214,0.8110643000834656,0.47999309815874963,0.38625297636293765,0.4528533356686537,0.4431607244303472,0.37470800654678094,0.3432046692986702,0.6083371979915867,0.5295008949185044,0.46779794865935687,0.4006974859435552,0.28977695897479844,0.38987311809779557,0.46877184622129575,0.42936553702500374,0.4721970928266728
0.7996313362686226,0.9129875911320868,0.8036572064532417,0.7417947025869429,0.9073651606457781,0.8774864882705388,0.6145542662057805,0.8010254303567242,0.8211925523286366,0.432778993862503,0.5038300866478495,0.46000752772411924,0.557693798162341,0.5946693789721569,0.7350094509418396,0.5563933479190429,0.7009207176320901,1.0,0.64719800095832,0.7897209203735264,0.8814537308652249,0.5999022981359027,0.7470056243785377,0.6272888132279476,0.8432468721177043,0.8218904808350281,0.7276000863717496,1.0,1.0,0.9161351566204348,0.7656774039233483,0.7460678175309047,0.7862279163015661,0.285139463907743,0.42947111087463397,0.39280203205453645
0.9253962529167024,0.8095138475253165,0.9981014902224368,0.7517415066440856,0.5625241468218801,0.5869728241244203,0.4448314071222262,0.3981123446014498,0.4406679759755225,0.34609193336103866,0.3796799006601205,0.5478162185372463,0.7742836165947946,0.638972708180126,0.810102252186475,1.0,1.0,1.0,0.9348773474647887,0.8456953895737123,0.8291850838285322,0.15920344462729275,0.4311282364090172,0.5513768268172804,0.6474180061134709,0.5548182520230527,0.7638815498486052,0.6620396712379748,0.5281555832061918,0.8582169482611357,0.7494480543403442,0.5372658932973725,0.672314820110194,0.41408296893080454,0.5189403825161091,0.5437851601782899
1.0,1.0,1.0,0.9696985091669312,0.713321748266913,0.6605863647485594,0.5500007020667138,0.5545218610345233,0.5899311971860791,0.507809458486686,0.5203068908430737,0.5042991319097397,0.8255117441101817,0.8326195075259823,0.7274246832298537,0.7927723326180939,0.8339123499477445,0.7567331591419976,0.6308240060064021,0.587314319922899,0.5511345321978344,0.4604012670990997,0.5342057688099338,0.468472133184464,0.5874495890981447,0.6123140366570157,0.6211403169855113,0.36763097735309397,0.5571516812893462,0.4632030595653234,0.6353822426123937,0.6122287937079824,0.5812043038498678,0.9885717432315755,0.8960266420103702,0.8387014731525106
0.7846283542785047,0.8879727629985151,1.0,0.7122249790682421,0.8866987758122019,0.7293899790121955,0.8308839390022182,0.7890559360040859,0.9415466949282647,0.7590479749714477,0.8666909309574915,0.8267391208774535,0.5574810349630711,0.7146503617661438,0.8421885171036209,0.8957174215413408,0.9811973761387139,0.9277983237361398,1.0,1.0,0.9852632699004334,0.5804285056649923,0.5913299389679796,0.6901574832840124,0.6407647217209743,0.5857983786614442,0.6105582207366761,0.6224147153205551,0.6923116400347443,0.6691648941308468,0.6249584859877785,0.535722138485462,0.4798877917809283,0.46920315422825654,0.29537633560184173,0.5396705347854598
0.7920350237222559,0.7745520159680518,0.886042826982913,0.38972749215195374,0.5499441997669378,0.6861536485676362,0.5176787487459688,0.5383038139250025,0.5885877823204542,0.7579457093976817,0.6908118970405516,0.8624798146639824,0.7467423536857312,0.8600974141083169,1.0,1.0,1.0,0.8880589566591061,0.5363097207879867,0.6827261894036561,0.6271196264264781,0.4117267226776358,0.7012142444389924,0.5875074312767429,0.859307658781905,0.7916134426248819,0.8614115086683698,0.7495928978072515,0.7643803200430382,0.815850804665224,0.4206551651159035,0.49226185666613614,0.45710224905122554,0.36552583720879944,0.49303916875265386,0.5222421488113582
1.0,1.0,1.0,0.5060792920471776,0.6905417278915018,0.6694895312477549,0.5223642912106076,0.5463705851550352,0.5301680686658022,0.22998016411838884,0.4871659926347138,0.4492852892491145,0.44851338181614875,0.5899033444695863,0.5328246323978587,0.4514527159038062,0.5351649152112581,0.5538962400212206,0.2233876426011153,0.4218683785413069,0.5144848278814261,0.4982536902272628,0.5337586421613028,0.45170206458347084,0.7626800501876052,0.6929695948493517,0.6510992737726097,0.6099748001244983,0.7633866424046692,0.7591883235705684,0.3785090212914289,0.4966017482787192,0.5052943919744316,0.3307398365329669,0.47465065772222087,0.5802866843449498
0.5264284320910423,0.6534744314369877,0.7820634956993708,0.2662587545010315,0.4674297479726507,0.7463428447155178,0.3098368898730781,0.46797358789896726,0.7756401820530439,0.30171475421921823,0.5235704817836094,0.8502185080498013,1.0,1.0,0.9955136467689826,0.6323800870632431,0.8528427648991386,1.0,0.4020275912012848,0.5239833884913973,0.9061613952183407,0.2805166448544343,0.5339423956365326,0.9093826128834793,0.6111029427998942,0.700723515978302,0.9285841664481546,0.36265633345377657,0.5310560565626101,0.8539673837462741,0.27364466974274587,0.49073282424142106,0.7970619901943016,0.7224259640462288,0.7722172016045685,0.846728020778382
1.0,1.0,0.990220968854662,0.4917409409490729,0.5805787669286359,0.677033536006897,0.5645231628794978,0.5674508813468105,0.6116331611371938,0.3907009303734305,0.4658424955635009,0.5899142012567872,0.38580118676324504,0.5371422635573198,0.7062704477060262,0.7983740701309026,0.9087215061602051,1.0,0.4151935585590834,0.5867590708319804,0.8225936375871254,0.44460208776623383,0.5275043080968457,0.6643629404913519,0.21263525516584342,0.35803499458243737,0.5416408813599236,0.4051436670014506,0.4791027492052188,0.5577930066934094,0.23290588822562905,0.31188649003569124,0.4324187323422364,0.13090141383780773,0.17792121167430944,0.3232721097628749
0.9130497809769248,1.0,0.9780658679017332,0.5144747778918668,0.5411237342824904,0.5384184652048132,0.39765326523131295,0.480459202554351,0.4719120723227258,0.4025829520235951,0.630201714104485,0.4631272918185677,0.2925770761888578,0.6650713257904011,0.5243849574489184,0.741624624048224,0.6861999029634336,0.677480445010733,0.6657885345864525,0.8650144522600896,0.786988138819672,0.694349733347074,0.8119331726058482,0.6994042151112911,0.6571046774111473,0.7249328219850061,0.8469906311610622,1.0,0.8817403073819186,1.0,0.6871573264861499,0.8474725690611921,0.6786387879177498,0.30229423651073156,0.6132731146093664,0.5880232021827552
0.0,0.0,0.0,0.0,0.0,0.0,0.0,0.0,0.0,0.0,0.0,0.0,0.0,0.0,0.0,0.0,0.0,0.0,0.0,0.0,0.0,0.0,0.0,0.0,0.0,0.0,0.0,0.0,0.0,0.0,0.0,0.0,0.0,0.0,0.0,0.0
0.0,0.0,0.0,0.0,0.0,0.0,0.0,0.0,0.0,0.0,0.0,0.0,0.0,0.0,0.0,0.0,0.0,0.0,0.0,0.0,0.0,0.0,0.0,0.0,0.0,0.0,0.0,0.0,0.0,0.0,0.0,0.0,0.0,0.0,0.0,0.0
0.0,0.0,0.0,0.0,0.0,0.0,0.0,0.0,0.0,0.0,0.0,0.0,0.0,0.0,0.0,0.0,0.0,0.0,0.0,0.0,0.0,0.0,0.0,0.0,0.0,0.0,0.0,0.0,0.0,0.0,0.0,0.0,0.0,0.0,0.0,0.0
0.0,0.0,0.0,0.0,0.0,0.0,0.0,0.0,0.0,0.0,0.0,0.0,0.0,0.0,0.0,0.0,0.0,0.0,0.0,0.0,0.0,0.0,0.0,0.0,0.0,0.0,0.0,0.0,0.0,0.0,0.0,0.0,0.0,0.0,0.0,0.0
0.0,0.0,0.0,0.0,0.0,0.0,0.0,0.0,0.0,0.0,0.0,0.0,0.0,0.0,0.0,0.0,0.0,0.0,0.0,0.0,0.0,0.0,0.0,0.0,0.0,0.0,0.0,0.0,0.0,0.0,0.0,0.0,0.0,0.0,0.0,0.0
0.0,0.0,0.0,0.0,0.0,0.0,0.0,0.0,0.0,0.0,0.0,0.0,0.0,0.0,0.0,0.0,0.0,0.0,0.0,0.0,0.0,0.0,0.0,0.0,0.0,0.0,0.0,0.0,0.0,0.0,0.0,0.0,0.0,0.0,0.0,0.0
0.0,0.0,0.0,0.0,0.0,0.0,0.0,0.0,0.0,0.0,0.0,0.0,0.0,0.0,0.0,0.0,0.0,0.0,0.0,0.0,0.0,0.0,0.0,0.0,0.0,0.0,0.0,0.0,0.0,0.0,0.0,0.0,0.0,0.0,0.0,0.0
0.0,0.0,0.0,0.0,0.0,0.0,0.0,0.0,0.0,0.0,0.0,0.0,0.0,0.0,0.0,0.0,0.0,0.0,0.0,0.0,0.0,0.0,0.0,0.0,0.0,0.0,0.0,0.0,0.0,0.0,0.0,0.0,0.0,0.0,0.0,0.0
0.0,0.0,0.0,0.0,0.0,0.0,0.0,0.0,0.0,0.0,0.0,0.0,0.0,0.0,0.0,0.0,0.0,0.0,0.0,0.0,0.0,0.0,0.0,0.0,0.0,0.0,0.0,0.0,0.0,0.0,0.0,0.0,0.0,0.0,0.0,0.0
0.0,0.0,0.0,0.0,0.0,0.0,0.0,0.0,0.0,0.0,0.0,0.0,0.0,0.0,0.0,0.0,0.0,0.0,0.0,0.0,0.0,0.0,0.0,0.0,0.0,0.0,0.0,0.0,0.0,0.0,0.0,0.0,0.0,0.0,0.0,0.0
0.0,0.0,0.0,0.0,0.0,0.0,0.0,0.0,0.0,0.0,0.0,0.0,0.0,0.0,0.0,0.0,0.0,0.0,0.0,0.0,0.0,0.0,0.0,0.0,0.0,0.0,0.0,0.0,0.0,0.0,0.0,0.0,0.0,0.0,0.0,0.0
0.0,0.0,0.0,0.0,0.0,0.0,0.0,0.0,0.0,0.0,0.0,0.0,0.0,0.0,0.0,0.0,0.0,0.0,0.0,0.0,0.0,0.0,0.0,0.0,0.0,0.0,0.0,0.0,0.0,0.0,0.0,0.0,0.0,0.0,0.0,0.0
0.0,0.0,0.0,0.0,0.0,0.0,0.0,0.0,0.0,0.0,0.0,0.0,0.0,0.0,0.0,0.0,0.0,0.0,0.0,0.0,0.0,0.0,0.0,0.0,0.0,0.0,0.0,0.0,0.0,0.0,0.0,0.0,0.0,0.0,0.0,0.0
0.0,0.0,0.0,0.0,0.0,0.0,0.0,0.0,0.0,0.0,0.0,0.0,0.0,0.0,0.0,0.0,0.0,0.0,0.0,0.0,0.0,0.0,0.0,0.0,0.0,0.0,0.0,0.0,0.0,0.0,0.0,0.0,0.0,0.0,0.0,0.0
